date_time	varID	n_variants	mu0	s1_0	s2_0	mu	s1	s2	success	message	fun	nit
01/18/25 15:55:56	MYD88 L252P	89	1e-09	0.25	0.08	3.3863989372163065e-09	0.16432914452298664	0.08639853584460996	True	Optimization terminated successfully.	1035.9888827284399	74
01/18/25 15:56:46	SRSF2 P95R	53	1e-09	0.25	0.08	7.413597349651169e-10	0.15489799112245373	0.17804923661528088	True	Optimization terminated successfully.	684.555178036214	70
01/18/25 15:57:27	SRSF2 P95H	59	1e-09	0.25	0.08	6.139616679389683e-10	0.1417977553524185	0.2405228086537186	True	Optimization terminated successfully.	774.5183842144305	54
01/18/25 15:58:27	SF3B1 K700E	75	1e-09	0.25	0.08	3.1485642875881994e-09	0.16826186041629287	0.09371921028483421	True	Optimization terminated successfully.	883.3546258162745	78
01/18/25 15:59:12	PPM1D R552*	58	1e-09	0.25	0.08	1.264830710175735e-09	0.18289037010138848	0.0859236276341431	True	Optimization terminated successfully.	726.8482284938098	50
01/18/25 16:00:19	ASXL1 R417*	70	1e-09	0.25	0.08	8.072240475039225e-10	0.18883989826317604	0.13320609401333455	True	Optimization terminated successfully.	905.1640276802946	74
01/18/25 16:00:38	DNMT3A W860R	52	1e-09	0.25	0.08	1.1647151566015053e-09	0.17914642957692514	0.09258908863571211	True	Optimization terminated successfully.	633.0206025284792	44
01/18/25 16:01:35	DNMT3A V636M	59	1e-09	0.25	0.08	2.1016579761249567e-09	0.1737656695524631	0.07072969570178597	True	Optimization terminated successfully.	718.5380417643147	68
01/18/25 16:02:45	DNMT3A W330*	64	1e-09	0.25	0.08	1.902459460886364e-09	0.17683259290125072	0.0763501347771531	True	Optimization terminated successfully.	799.1731812183068	69
01/18/25 16:03:36	DNMT3A S714C	69	1e-09	0.25	0.08	1.7952601775978417e-09	0.1905366758609202	0.059159923850924306	True	Optimization terminated successfully.	835.2232142712962	59
01/18/25 16:04:46	DNMT3A W313*	69	1e-09	0.25	0.08	1.4070604679392974e-09	0.18497740429695037	0.08907872844330292	True	Optimization terminated successfully.	870.0219403522374	77
01/18/25 16:05:22	DNMT3A R749C	69	1e-09	0.25	0.08	9.258578460059264e-10	0.20619700394443763	0.08889920282127958	True	Optimization terminated successfully.	863.7766419627542	47
01/18/25 16:06:20	DNMT3A R736C	70	1e-09	0.25	0.08	9.026568041757243e-10	0.203970080710137	0.09821141315440304	True	Optimization terminated successfully.	909.5642927608786	64
01/18/25 16:07:11	DNMT3A R688H	71	1e-09	0.25	0.08	1.0069206774791975e-09	0.2303299527836473	0.0314965288332996	True	Optimization terminated successfully.	888.694544798513	62
01/18/25 16:08:20	DNMT3A W305*	71	1e-09	0.25	0.08	1.2177876514003037e-09	0.20836325157847874	0.05789850115391082	True	Optimization terminated successfully.	889.8454496104897	69
01/18/25 16:09:21	DNMT3A I780T	76	1e-09	0.25	0.08	4.455141219460155e-09	0.164042657222129	0.06307210132524033	True	Optimization terminated successfully.	873.8059815409392	79
01/18/25 16:10:30	DNMT3A F755S	80	1e-09	0.25	0.08	1.869398174145506e-09	0.14971709185850818	0.14187549974853964	True	Optimization terminated successfully.	960.2612657715155	73
01/18/25 16:11:54	DNMT3A V657M	83	1e-09	0.25	0.08	2.5995920614621515e-09	0.16932284414302037	0.08676488268216609	True	Optimization terminated successfully.	987.5024417905772	83
01/18/25 16:13:10	DNMT3A R635Q	85	1e-09	0.25	0.08	1.1467585254186053e-09	0.23774595381208655	0.02128843720765227	True	Optimization terminated successfully.	1050.3571017709992	65
01/18/25 16:14:19	DNMT3A S770L	85	1e-09	0.25	0.08	1.568630424370357e-09	0.19052021477311093	0.08728172988878671	True	Optimization terminated successfully.	1033.0021490143145	71
01/18/25 16:15:44	DNMT3A R320*	86	1e-09	0.25	0.08	1.7339966387240594e-09	0.20199872512729572	0.05621072385508194	True	Optimization terminated successfully.	1059.3989788402434	65
01/18/25 16:16:50	DNMT3A R736H	87	1e-09	0.25	0.08	9.827801012543208e-10	0.23052338286692092	0.05953424058244282	True	Optimization terminated successfully.	1117.723575721465	51
01/18/25 16:17:39	DNMT3A R635W	89	1e-09	0.25	0.08	9.263263482376141e-10	0.23346535825524733	0.06489458598852926	True	Optimization terminated successfully.	1137.656823872035	48
01/18/25 16:18:36	DNMT3A R326C	89	1e-09	0.25	0.08	1.061358485313783e-09	0.24098686307887363	0.029724392505062126	True	Optimization terminated successfully.	1141.9215795050955	47
01/18/25 16:19:41	DNMT3A P904L	106	1.0599999999999999e-09	0.25	0.08	1.112904024845798e-09	0.23463161595709564	0.06108520082648648	True	Optimization terminated successfully.	1349.2225460407678	50
01/18/25 16:22:13	DNMT3A R598*	121	1.21e-09	0.25	0.08	2.1796437504137327e-09	0.2162371387304552	0.036875089220137824	True	Optimization terminated successfully.	1451.084176689005	87
01/18/25 16:24:45	DNMT3A R771*	161	1.6099999999999998e-09	0.25	0.08	2.94303843431974e-09	0.21458640190141065	0.03887429735651575	True	Optimization terminated successfully.	1874.0342375250198	72
01/18/25 16:28:40	DNMT3A Y735C	234	2.3399999999999998e-09	0.25	0.08	1.5322373592608774e-08	0.16143562972893366	0.0628209924629469	True	Optimization terminated successfully.	2490.7420168404665	70
01/18/25 16:31:00	DNMT3A R882C	285	2.85e-09	0.25	0.08	2.478516571523283e-09	0.24024587855767698	0.07886300612810855	True	Optimization terminated successfully.	3336.4407848705227	45
01/18/25 16:35:06	DNMT3A R882H	413	4.13e-09	0.25	0.08	3.3976100655565763e-09	0.2521622241332198	0.06275720712217142	True	Optimization terminated successfully.	4716.168084916846	59
