date_time	varID	mu0	sbar0	sigma0	mu	sbar	sigma	success	message	fun	nit	n_variants
02/02/25 23:54:44	DNMT3A R882H	1e-08	0.1	0.02	5.031276890782962e-07	1.4110077385361477e-07	0.0658288729875234	True	Optimization terminated successfully.	9303.62160421572	182	949
02/01/25 12:49:43	DNMT3A R882C	1e-08	0.1	0.02	4.019681483384348e-07	4.6029550382240086e-07	0.0629220581456309	True	Optimization terminated successfully.	6161.388065610437	153	606
01/20/25 00:23:05	DNMT3A P904L	2.975384807811673e-09	0.16218286613127	0.001	2.500818419596543e-07	5.717862456919306e-07	0.0556087884027129	True	Optimization terminated successfully.	2521.886646907519	164	229
01/18/25 23:16:19	DNMT3A R736C	3.472228003827692e-09	0.1501995709252882	0.001	2.53377526694347e-07	1.130933090256773e-05	0.0535398112431315	True	Optimization terminated successfully.	2318.4009479054007	237	211
01/19/25 08:03:53	DNMT3A R771*	2.720131579626481e-09	0.1640825960131768	0.001	2.6538085034590615e-07	3.097978875495521e-07	0.0550913726696215	True	Optimization terminated successfully.	2281.56285566153	203	207
01/18/25 14:45:14	DNMT3A R326C	2.427426642394453e-09	0.1606268222998861	0.001	2.0600027670134666e-07	2.539148140531318e-07	0.0547789359339412	True	Optimization terminated successfully.	2094.5297724049683	192	187
01/19/25 16:00:47	DNMT3A R736H	2.783697982864423e-09	0.1606156494783495	0.001	2.692589291419603e-07	1.5439164218914896e-07	0.0548807821102907	True	Optimization terminated successfully.	2053.643369857387	209	183
01/18/25 06:24:55	DNMT3A R598*	2.4203610155741272e-09	0.1585288474961974	0.001	2.0145357867816322e-07	2.544543159770553e-07	0.0548738426555905	True	Optimization terminated successfully.	1921.048268951344	192	170
01/17/25 13:51:50	DNMT3A R320*	2.537631051382036e-09	0.1492521385964939	0.001	4.136735138376834e-07	1.5035550265312386e-07	0.0468258184745505	True	Optimization terminated successfully.	1634.298018744982	232	145
01/16/25 16:41:39	DNMT3A R882S	9.87894948165359e-10	0.1468377606441179	0.001	1.815613047339101e-07	3.163540984259236e-06	0.0464703301740989	True	Optimization terminated successfully.	553.0950988510896	212	45
